tenor_label,expiry,dte,F,sigma_mid_pct,RV_pct,RP_pct,ancre_pct,sigma_model_pct,w1,w2,delta_book_pct,sigma_fair_pct,ecart_pct,signal,RR25_pct,BF25_pct,iv_10dp_pct,iv_25dp_pct,iv_25dc_pct,iv_10dc_pct,strike_atm,strike_25dp,strike_25dc,strike_10dp,strike_10dc
1M,20260508,28,1.16878,6.6968,7.8311,1.2,9.0311,7.0396,0.65,0.35,-1e-05,8.3341,1.6373,EXPENSIVE,5.6108,-2.8763,5.3086,1.0151,6.6259,6.783,1.1711,1.2218,1.186,1.2154,1.1987
3M,20260702,83,1.16878,6.502,7.8586,1.5,9.3586,7.0353,0.65,0.35,-0.0,8.5454,2.0434,EXPENSIVE,5.6929,-2.7733,6.7171,0.8823,6.5752,7.1249,1.1752,1.1696,1.2007,1.2523,1.2277
4M,20260807,119,1.16878,6.5155,7.1009,1.55,8.6509,7.0332,0.65,0.35,-0.0,8.0847,1.5692,EXPENSIVE,3.9939,-1.8809,6.6728,2.6376,6.6315,7.1576,1.1749,1.2314,1.2058,1.2676,1.2367
6M,20261009,182,1.16878,6.5481,6.316,1.6,7.916,7.0289,0.65,0.35,-0.0,7.6055,1.0574,EXPENSIVE,2.9225,-1.2727,6.4927,3.8142,6.7367,7.1205,1.1784,1.2914,1.2175,1.2894,1.2514
